{
	"name": "Sophia Libras",
	"version": "1.0.0.0",
	"description": "Aprenda a numeração em Libras com Sophia.",
	"id": "br.com.jacksonroberio.sophialibras",
	"unique-id": "76olhr2dbv0",
	"viewport-width": 360,
	"viewport-height": 640,
	"author": "Jackson Roberio, Gabriel Vinicius, Sophia",
	"email": "sophialibras@jacksonroberio.com.br",
	"website": "https://jacksonroberio.com.br",
	"orientations": "portrait",
	"c2version": "244",
	"c3version": "r424",
	"ife": true,
	"used-plugins": [
		"Sprite",
		"Keyboard",
		"Tilemap",
		"Text",
		"Touch",
		"Audio"
	],
	"used-behaviors": [
		"EightDir",
		"solid"
	]
}